{
    "name": "root",
    "metadata": {
        "timer_format_version": "0.1.0",
        "start_time_seconds": "1624707130",
        "python_version": "3.9.2 (tags/v3.9.2:1a79785, Feb 19 2021, 13:44:55) [MSC v.1928 64 bit (AMD64)]",
        "command_line_arguments": "E:\\Projects\\Unity\\python-envs\\unity-env\\Scripts\\mlagents-learn config\\robotwalk_config.yaml --run-id=RobotWalk1 --resume",
        "mlagents_version": "0.27.0",
        "mlagents_envs_version": "0.27.0",
        "communication_protocol_version": "1.5.0",
        "pytorch_version": "1.9.0+cu111",
        "numpy_version": "1.20.3",
        "end_time_seconds": "1624707167"
    },
    "total": 36.7260569,
    "count": 1,
    "self": 0.007569300000000112,
    "children": {
        "run_training.setup": {
            "total": 0.12037680000000006,
            "count": 1,
            "self": 0.12037680000000006
        },
        "TrainerController.start_learning": {
            "total": 36.5981108,
            "count": 1,
            "self": 0.0044138000000018,
            "children": {
                "TrainerController._reset_env": {
                    "total": 25.4543566,
                    "count": 1,
                    "self": 25.4543566
                },
                "TrainerController.advance": {
                    "total": 10.923280200000008,
                    "count": 211,
                    "self": 0.0036364999999598524,
                    "children": {
                        "env_step": {
                            "total": 10.914875000000006,
                            "count": 211,
                            "self": 10.268743899999933,
                            "children": {
                                "SubprocessEnvManager._take_step": {
                                    "total": 0.6439193000000039,
                                    "count": 211,
                                    "self": 0.014495400000001268,
                                    "children": {
                                        "TorchPolicy.evaluate": {
                                            "total": 0.6294239000000026,
                                            "count": 211,
                                            "self": 0.14392030000000489,
                                            "children": {
                                                "TorchPolicy.sample_actions": {
                                                    "total": 0.4855035999999977,
                                                    "count": 211,
                                                    "self": 0.4855035999999977
                                                }
                                            }
                                        }
                                    }
                                },
                                "workers": {
                                    "total": 0.00221180000006882,
                                    "count": 210,
                                    "self": 0.0,
                                    "children": {
                                        "worker_root": {
                                            "total": 12.445414299999975,
                                            "count": 210,
                                            "is_parallel": true,
                                            "self": 2.546610699999974,
                                            "children": {
                                                "steps_from_proto": {
                                                    "total": 0.0006191999999991538,
                                                    "count": 1,
                                                    "is_parallel": true,
                                                    "self": 0.00016140000000319787,
                                                    "children": {
                                                        "_process_rank_one_or_two_observation": {
                                                            "total": 0.0004577999999959559,
                                                            "count": 2,
                                                            "is_parallel": true,
                                                            "self": 0.0004577999999959559
                                                        }
                                                    }
                                                },
                                                "UnityEnvironment.step": {
                                                    "total": 9.898184400000002,
                                                    "count": 210,
                                                    "is_parallel": true,
                                                    "self": 0.02067140000004386,
                                                    "children": {
                                                        "UnityEnvironment._generate_step_input": {
                                                            "total": 0.2137884999999926,
                                                            "count": 210,
                                                            "is_parallel": true,
                                                            "self": 0.2137884999999926
                                                        },
                                                        "communicator.exchange": {
                                                            "total": 9.55761559999997,
                                                            "count": 210,
                                                            "is_parallel": true,
                                                            "self": 9.55761559999997
                                                        },
                                                        "steps_from_proto": {
                                                            "total": 0.10610889999999529,
                                                            "count": 210,
                                                            "is_parallel": true,
                                                            "self": 0.027499999999982094,
                                                            "children": {
                                                                "_process_rank_one_or_two_observation": {
                                                                    "total": 0.0786089000000132,
                                                                    "count": 420,
                                                                    "is_parallel": true,
                                                                    "self": 0.0786089000000132
                                                                }
                                                            }
                                                        }
                                                    }
                                                }
                                            }
                                        }
                                    }
                                }
                            }
                        },
                        "trainer_advance": {
                            "total": 0.004768700000042259,
                            "count": 210,
                            "self": 0.0032490000000713337,
                            "children": {
                                "process_trajectory": {
                                    "total": 0.0015196999999709249,
                                    "count": 210,
                                    "self": 0.0015196999999709249
                                }
                            }
                        }
                    }
                },
                "trainer_threads": {
                    "total": 8.99999996306633e-07,
                    "count": 1,
                    "self": 8.99999996306633e-07
                },
                "TrainerController._save_models": {
                    "total": 0.21605929999999773,
                    "count": 1,
                    "self": 0.01797009999999233,
                    "children": {
                        "RLTrainer._checkpoint": {
                            "total": 0.1980892000000054,
                            "count": 1,
                            "self": 0.1980892000000054
                        }
                    }
                }
            }
        }
    }
}