{
    "RobotWalk": {
        "checkpoints": [
            {
                "steps": 16499639,
                "file_path": "results\\RobotWalk1\\RobotWalk\\RobotWalk-16499639.onnx",
                "reward": 12.0,
                "creation_time": 1624699123.2412949,
                "auxillary_file_paths": [
                    "results\\RobotWalk1\\RobotWalk\\RobotWalk-16499639.pt"
                ]
            },
            {
                "steps": 16999989,
                "file_path": "results\\RobotWalk1\\RobotWalk\\RobotWalk-16999989.onnx",
                "reward": 16.555555555555557,
                "creation_time": 1624700238.2516365,
                "auxillary_file_paths": [
                    "results\\RobotWalk1\\RobotWalk\\RobotWalk-16999989.pt"
                ]
            },
            {
                "steps": 17005686,
                "file_path": "results\\RobotWalk1\\RobotWalk\\RobotWalk-17005686.onnx",
                "reward": 16.649484536082475,
                "creation_time": 1624700247.2771113,
                "auxillary_file_paths": [
                    "results\\RobotWalk1\\RobotWalk\\RobotWalk-17005686.pt"
                ]
            },
            {
                "steps": 17005686,
                "file_path": "results\\RobotWalk1\\RobotWalk\\RobotWalk-17005686.onnx",
                "reward": null,
                "creation_time": 1624707104.3391109,
                "auxillary_file_paths": [
                    "results\\RobotWalk1\\RobotWalk\\RobotWalk-17005686.pt"
                ]
            },
            {
                "steps": 17005686,
                "file_path": "results\\RobotWalk1\\RobotWalk\\RobotWalk-17005686.onnx",
                "reward": null,
                "creation_time": 1624707167.6181517,
                "auxillary_file_paths": [
                    "results\\RobotWalk1\\RobotWalk\\RobotWalk-17005686.pt"
                ]
            }
        ],
        "final_checkpoint": {
            "steps": 17005686,
            "file_path": "results\\RobotWalk1\\RobotWalk.onnx",
            "reward": null,
            "creation_time": 1624707167.6181517,
            "auxillary_file_paths": [
                "results\\RobotWalk1\\RobotWalk\\RobotWalk-17005686.pt"
            ]
        }
    },
    "metadata": {
        "stats_format_version": "0.3.0",
        "mlagents_version": "0.27.0",
        "torch_version": "1.9.0+cu111"
    }
}